category,model,variant,result,search
array,array_monotonic_true.pkg.c,v.1000.c,V,0:20
array,array_monotonic_true.pkg.c,v.100.c,V,0:00
array,array_monotonic_true.pkg.c,v.10.c,V,0:00
array,array_mul_init_true.pkg.c,v.10.c,V,5:41
array,array_of_struct_break_true.pkg.c,v.10.c,V,0:00
array,array_of_struct_break_true.pkg.c,v.100.c,V,0:01
array,array_of_struct_ptr_mul_init_true.pkg.c,v.10.c,V,0:00
array,array_of_struct_ptr_mul_init_true.pkg.c,v.100.c,V,0:06
array,array_of_struct_ptr_mul_init_true.pkg.c,v.1000.c,V,7:33
array,array_of_struct_single_elem_init_true.pkg.c,v.1000.c,V,3:37
array,array_of_struct_single_elem_init_true.pkg.c,v.100.c,V,0:00
array,array_of_struct_single_elem_init_true.pkg.c,v.10.c,V,0:00
array,array_ptr_single_elem_init_false.pkg.c,v.10.c,E,0:01
array,array_ptr_single_elem_init_false.pkg.c,v.100.c,E,0:01
array,array_ptr_single_elem_init_false.pkg.c,v.1000.c,E,0:28
array,array_ptr_single_elem_init_true.pkg.c,v.1000.c,E,4:23
array,array_ptr_single_elem_init_true.pkg.c,v.100.c,E,0:03
array,array_ptr_single_elem_init_true.pkg.c,v.10.c,E,0:01
array,array_single_elem_init_false.pkg.c,v.10.c,E,0:00
array,array_single_elem_init_false.pkg.c,v.100.c,E,0:01
array,array_single_elem_init_false.pkg.c,v.1000.c,E,0:28
array,copysome1_true.pkg.c,v.10.c,V,0:00
array,copysome1_true.pkg.c,v.100.c,V,0:01
array,copysome1_true.pkg.c,v.1000.c,V,0:06
array,copysome2_true.pkg.c,v.100.c,V,0:00
array,copysome2_true.pkg.c,v.10.c,V,0:00
array,copysome2_true.pkg.c,v.1000.c,V,0:09
array,standard_copy1_true.pkg.c,v.1000.c,V,0:04
array,standard_copy1_true.pkg.c,v.100.c,V,0:00
array,standard_copy1_true.pkg.c,v.10.c,V,0:00
array,standard_copy2_false.pkg.c,v.10.c,E,0:00
array,standard_copy2_true.pkg.c,v.1000.c,V,0:06
array,standard_copy2_true.pkg.c,v.100.c,V,0:00
array,standard_copy2_true.pkg.c,v.10.c,V,0:00
array,standard_copy3_true.pkg.c,v.1000.c,V,0:08
array,standard_copy3_true.pkg.c,v.100.c,V,0:00
array,standard_copy3_true.pkg.c,v.10.c,V,0:00
array,standard_copy4_false.pkg.c,v.10.c,E,0:00
array,standard_copy4_true.pkg.c,v.1000.c,V,0:09
array,standard_copy4_true.pkg.c,v.100.c,V,0:00
array,standard_copy4_true.pkg.c,v.10.c,V,0:00
array,standard_copy5_false.pkg.c,v.10.c,E,0:00
array,standard_copy5_true.pkg.c,v.1000.c,V,0:11
array,standard_copy5_true.pkg.c,v.100.c,V,0:00
array,standard_copy5_true.pkg.c,v.10.c,V,0:00
array,standard_copy6_false.pkg.c,v.10.c,E,0:00
array,standard_copy6_true.pkg.c,v.10.c,V,0:00
array,standard_copy6_true.pkg.c,v.100.c,V,0:00
array,standard_copy6_true.pkg.c,v.1000.c,V,0:13
array,standard_copy7_false.pkg.c,v.10.c,E,0:00
array,standard_copy7_true.pkg.c,v.1000.c,V,0:14
array,standard_copy7_true.pkg.c,v.100.c,V,0:01
array,standard_copy7_true.pkg.c,v.10.c,V,0:00
array,standard_copy8_false.pkg.c,v.10.c,E,0:00
array,standard_copy8_true.pkg.c,v.100.c,V,0:01
array,standard_copy8_true.pkg.c,v.10.c,V,0:00
array,standard_copy8_true.pkg.c,v.1000.c,V,0:16
array,standard_copy9_false.pkg.c,v.10.c,E,0:00
array,standard_copy9_true.pkg.c,v.100.c,V,0:01
array,standard_copy9_true.pkg.c,v.1000.c,V,0:18
array,standard_copy9_true.pkg.c,v.10.c,V,0:00
array,standard_copyInitSum_true.pkg.c,v.10.c,V,0:00
array,standard_copyInitSum_true.pkg.c,v.100.c,V,0:04
array,standard_copyInitSum_true.pkg.c,v.1000.c,V,4:37
array,standard_strcpy_original_true.pkg.c,v.100.c,V,2:37
array,standard_strcpy_original_true.pkg.c,v.10.c,V,0:00
array,standard_two_index_01_true.pkg.c,v.1000.c,V,0:05
array,standard_two_index_01_true.pkg.c,v.100.c,V,0:00
array,standard_two_index_01_true.pkg.c,v.10.c,V,0:00
array,standard_two_index_02_true.pkg.c,v.10.c,V,0:00
array,standard_two_index_02_true.pkg.c,v.1000.c,V,0:03
array,standard_two_index_02_true.pkg.c,v.100.c,V,0:00
array,standard_two_index_03_true.pkg.c,v.10.c,V,0:00
array,standard_two_index_03_true.pkg.c,v.1000.c,V,0:03
array,standard_two_index_03_true.pkg.c,v.100.c,V,0:00
array,standard_two_index_04_true.pkg.c,v.10.c,V,0:00
array,standard_two_index_04_true.pkg.c,v.1000.c,V,0:02
array,standard_two_index_04_true.pkg.c,v.100.c,V,0:00
array,standard_two_index_05_true.pkg.c,v.1000.c,V,0:02
array,standard_two_index_05_true.pkg.c,v.10.c,V,0:00
array,standard_two_index_05_true.pkg.c,v.100.c,V,0:00
array,standard_two_index_06_true.pkg.c,v.10.c,V,0:00
array,standard_two_index_06_true.pkg.c,v.1000.c,V,0:02
array,standard_two_index_06_true.pkg.c,v.100.c,V,0:00
array,standard_two_index_07_true.pkg.c,v.100.c,V,0:00
array,standard_two_index_07_true.pkg.c,v.10.c,V,0:00
array,standard_two_index_07_true.pkg.c,v.1000.c,V,0:02
array,standard_two_index_08_true.pkg.c,v.10.c,V,0:01
array,standard_two_index_08_true.pkg.c,v.1000.c,V,0:02
array,standard_two_index_08_true.pkg.c,v.100.c,V,0:00
array,standard_two_index_09_true.pkg.c,v.10.c,V,0:01
array,standard_two_index_09_true.pkg.c,v.1000.c,V,0:02
array,standard_two_index_09_true.pkg.c,v.100.c,V,0:00
bitvector,interleave_bits_true.c, ,V,0:00
bitvector,num_conversion_2_true.c, ,V,0:00
loops,array3_false.pkg.c,big.1000.c,V,0:02
loops,array3_false.pkg.c,small.100.c,V,0:00
loops,simple_array_index_value_true_2.pkg.c,small.10.c,V,0:00
loops,simple_array_index_value_true_2.pkg.c,big.1000.c,V,1:52
loops,simple_array_index_value_true_2.pkg.c,small.100.c,V,0:01
loops,underapprox_false_1.c, ,V,0:00
loops,underapprox_false_2.c, ,V,0:00
loops,underapprox_true_1.c, ,V,0:00
loops,underapprox_true_2.c, ,V,0:00
product-lines,elevator_spec14_product03_true.cil.c, ,V,0:01
product-lines,elevator_spec14_product11_true.cil.c, ,V,0:01
product-lines,elevator_spec14_product19_true.cil.c, ,V,0:01
product-lines,elevator_spec14_product20_false.cil.c, ,E,0:00
product-lines,elevator_spec14_product23_true.cil.c, ,V,0:01
product-lines,elevator_spec14_product24_false.cil.c, ,E,0:00
product-lines,elevator_spec14_product27_true.cil.c, ,V,0:01
product-lines,elevator_spec14_product28_false.cil.c, ,E,0:00
product-lines,elevator_spec14_product31_true.cil.c, ,V,0:01
product-lines,elevator_spec14_product32_false.cil.c, ,E,0:00
product-lines,elevator_spec1_product01_true.cil.c, ,V,0:01
product-lines,elevator_spec1_product03_true.cil.c, ,V,0:01
product-lines,elevator_spec1_product09_true.cil.c, ,V,0:01
product-lines,elevator_spec1_product11_true.cil.c, ,V,0:01
product-lines,elevator_spec1_product17_true.cil.c, ,V,0:01
product-lines,elevator_spec1_product18_false.cil.c, ,E,0:00
product-lines,elevator_spec1_product19_true.cil.c, ,V,0:01
product-lines,elevator_spec1_product20_false.cil.c, ,E,0:00
product-lines,elevator_spec1_product21_true.cil.c, ,V,0:01
product-lines,elevator_spec1_product22_false.cil.c, ,E,0:00
product-lines,elevator_spec1_product23_true.cil.c, ,V,0:01
product-lines,elevator_spec1_product24_false.cil.c, ,E,0:00
product-lines,elevator_spec1_product25_true.cil.c, ,V,0:01
product-lines,elevator_spec1_product26_false.cil.c, ,E,0:00
product-lines,elevator_spec1_product27_true.cil.c, ,V,0:01
product-lines,elevator_spec1_product28_false.cil.c, ,E,0:00
product-lines,elevator_spec1_product29_true.cil.c, ,V,0:01
product-lines,elevator_spec1_product30_false.cil.c, ,E,0:00
product-lines,elevator_spec1_product31_true.cil.c, ,V,0:01
product-lines,elevator_spec1_product32_false.cil.c, ,E,0:00
product-lines,elevator_spec2_product01_true.cil.c, ,V,0:00
product-lines,elevator_spec2_product03_true.cil.c, ,V,0:01
product-lines,elevator_spec2_product09_true.cil.c, ,V,0:00
product-lines,elevator_spec2_product11_true.cil.c, ,V,0:01
product-lines,elevator_spec2_product17_true.cil.c, ,V,0:00
product-lines,elevator_spec2_product18_false.cil.c, ,E,0:00
product-lines,elevator_spec2_product19_true.cil.c, ,V,0:01
product-lines,elevator_spec2_product20_false.cil.c, ,E,0:00
product-lines,elevator_spec2_product21_true.cil.c, ,V,0:01
product-lines,elevator_spec2_product22_false.cil.c, ,E,0:00
product-lines,elevator_spec2_product23_true.cil.c, ,V,0:01
product-lines,elevator_spec2_product24_false.cil.c, ,E,0:00
product-lines,elevator_spec2_product25_true.cil.c, ,V,0:01
product-lines,elevator_spec2_product26_false.cil.c, ,E,0:00
product-lines,elevator_spec2_product27_true.cil.c, ,V,0:01
product-lines,elevator_spec2_product28_false.cil.c, ,E,0:00
product-lines,elevator_spec2_product29_true.cil.c, ,V,0:01
product-lines,elevator_spec2_product30_false.cil.c, ,E,0:00
product-lines,elevator_spec2_product31_true.cil.c, ,V,0:01
product-lines,elevator_spec2_product32_false.cil.c, ,E,0:00
product-lines,elevator_spec3_product01_true.cil.c, ,V,0:01
product-lines,elevator_spec3_product03_false.cil.c, ,E,0:01
product-lines,elevator_spec3_product09_true.cil.c, ,V,0:01
product-lines,elevator_spec3_product11_false.cil.c, ,E,0:01
product-lines,elevator_spec3_product17_true.cil.c, ,V,0:01
product-lines,elevator_spec3_product18_true.cil.c, ,V,0:01
product-lines,elevator_spec3_product19_false.cil.c, ,E,0:01
product-lines,elevator_spec3_product20_false.cil.c, ,E,0:01
product-lines,elevator_spec3_product21_true.cil.c, ,V,0:01
product-lines,elevator_spec3_product22_true.cil.c, ,V,0:01
product-lines,elevator_spec3_product23_false.cil.c, ,E,0:01
product-lines,elevator_spec3_product24_false.cil.c, ,E,0:01
product-lines,elevator_spec3_product25_true.cil.c, ,V,0:01
product-lines,elevator_spec3_product26_true.cil.c, ,V,0:01
product-lines,elevator_spec3_product27_false.cil.c, ,E,0:01
product-lines,elevator_spec3_product28_false.cil.c, ,E,0:01
product-lines,elevator_spec3_product29_true.cil.c, ,V,0:01
product-lines,elevator_spec3_product30_true.cil.c, ,V,0:01
product-lines,elevator_spec3_product31_false.cil.c, ,E,0:01
product-lines,elevator_spec3_product32_false.cil.c, ,E,0:01
product-lines,elevator_spec9_product09_true.cil.c, ,V,0:01
product-lines,elevator_spec9_product11_true.cil.c, ,V,0:01
product-lines,elevator_spec9_product25_true.cil.c, ,V,0:01
product-lines,elevator_spec9_product26_false.cil.c, ,E,0:00
product-lines,elevator_spec9_product27_true.cil.c, ,V,0:01
product-lines,elevator_spec9_product28_false.cil.c, ,E,0:00
product-lines,elevator_spec9_product29_true.cil.c, ,V,0:01
product-lines,elevator_spec9_product30_false.cil.c, ,E,0:00
product-lines,elevator_spec9_product31_true.cil.c, ,V,0:01
product-lines,elevator_spec9_product32_false.cil.c, ,E,0:00
product-lines,email_spec0_product05_true.cil.c, ,V,0:01
product-lines,email_spec0_product09_true.cil.c, ,V,0:02
product-lines,email_spec0_product10_true.cil.c, ,V,0:01
product-lines,email_spec0_product11_true.cil.c, ,V,0:02
product-lines,email_spec0_product16_false.cil.c, ,E,0:02
product-lines,email_spec0_product19_true.cil.c, ,V,0:02
product-lines,email_spec0_product21_false.cil.c, ,E,0:04
product-lines,email_spec0_product22_false.cil.c, ,E,0:03
product-lines,email_spec0_product24_true.cil.c, ,V,0:02
product-lines,email_spec0_product25_true.cil.c, ,V,0:03
product-lines,email_spec0_product27_true.cil.c, ,V,0:04
product-lines,email_spec0_product33_false.cil.c, ,E,0:03
product-lines,email_spec0_product34_false.cil.c, ,E,0:05
product-lines,email_spec0_product35_false.cil.c, ,E,0:06
product-lines,email_spec0_product36_true.cil.c, ,V,0:02
product-lines,email_spec0_product37_true.cil.c, ,V,0:02
product-lines,email_spec0_product38_true.cil.c, ,V,0:02
product-lines,email_spec0_product40_true.cil.c, ,V,0:03
product-lines,email_spec11_product03_true.cil.c, ,V,0:01
product-lines,email_spec11_product07_true.cil.c, ,V,0:02
product-lines,email_spec11_product08_true.cil.c, ,V,0:02
product-lines,email_spec11_product10_true.cil.c, ,V,0:01
product-lines,email_spec11_product15_false.cil.c, ,E,0:02
product-lines,email_spec11_product18_true.cil.c, ,V,0:02
product-lines,email_spec11_product20_false.cil.c, ,E,0:03
product-lines,email_spec11_product22_false.cil.c, ,E,0:02
product-lines,email_spec11_product23_true.cil.c, ,V,0:03
product-lines,email_spec11_product24_true.cil.c, ,V,0:02
product-lines,email_spec11_product26_false.cil.c, ,E,0:04
product-lines,email_spec11_product27_true.cil.c, ,V,0:04
product-lines,email_spec11_product35_false.cil.c, ,E,0:06
product-lines,email_spec11_product36_true.cil.c, ,V,0:02
product-lines,email_spec11_product37_true.cil.c, ,V,0:02
product-lines,email_spec11_product39_true.cil.c, ,V,0:03
product-lines,email_spec11_product40_true.cil.c, ,V,0:03
product-lines,email_spec1_product12_true.cil.c, ,V,0:02
product-lines,email_spec1_product14_false.cil.c, ,E,0:02
product-lines,email_spec1_product15_false.cil.c, ,E,0:02
product-lines,email_spec1_product16_false.cil.c, ,E,0:02
product-lines,email_spec1_product20_false.cil.c, ,E,0:03
product-lines,email_spec1_product21_false.cil.c, ,E,0:04
product-lines,email_spec1_product22_false.cil.c, ,E,0:02
product-lines,email_spec1_product26_false.cil.c, ,E,0:04
product-lines,email_spec1_product28_true.cil.c, ,V,0:02
product-lines,email_spec1_product29_false.cil.c, ,E,0:03
product-lines,email_spec1_product30_false.cil.c, ,E,0:02
product-lines,email_spec1_product31_false.cil.c, ,E,0:03
product-lines,email_spec1_product34_false.cil.c, ,E,0:05
product-lines,email_spec1_product35_false.cil.c, ,E,0:06
product-lines,email_spec1_productSimulator_false.cil.c, ,E,2:30
product-lines,email_spec27_product13_true.cil.c, ,V,0:02
product-lines,email_spec27_product17_false.cil.c, ,E,0:02
product-lines,email_spec27_product19_false.cil.c, ,E,0:02
product-lines,email_spec27_product23_false.cil.c, ,E,0:04
product-lines,email_spec27_product24_false.cil.c, ,E,0:02
product-lines,email_spec27_product27_false.cil.c, ,E,0:04
product-lines,email_spec27_product28_true.cil.c, ,V,0:02
product-lines,email_spec27_product30_false.cil.c, ,E,0:03
product-lines,email_spec27_product31_false.cil.c, ,E,0:03
product-lines,email_spec27_product32_false.cil.c, ,E,0:05
product-lines,email_spec27_product33_false.cil.c, ,E,0:03
product-lines,email_spec27_productSimulator_false.cil.c, ,E,6:20
product-lines,email_spec3_product13_false.cil.c, ,E,0:02
product-lines,email_spec3_product17_false.cil.c, ,E,0:02
product-lines,email_spec3_product18_false.cil.c, ,E,0:02
product-lines,email_spec3_product19_false.cil.c, ,E,0:02
product-lines,email_spec3_product23_false.cil.c, ,E,0:04
product-lines,email_spec3_product24_false.cil.c, ,E,0:03
product-lines,email_spec3_product25_false.cil.c, ,E,0:05
product-lines,email_spec3_product27_false.cil.c, ,E,0:05
product-lines,email_spec3_product28_false.cil.c, ,E,0:02
product-lines,email_spec3_product29_false.cil.c, ,E,0:03
product-lines,email_spec3_product30_false.cil.c, ,E,0:03
product-lines,email_spec3_product31_false.cil.c, ,E,0:03
product-lines,email_spec3_product32_false.cil.c, ,E,0:05
product-lines,email_spec3_product33_false.cil.c, ,E,0:03
product-lines,email_spec3_product34_false.cil.c, ,E,0:05
product-lines,email_spec3_product35_false.cil.c, ,E,0:07
product-lines,email_spec4_product13_true.cil.c, ,V,0:02
product-lines,email_spec4_product17_true.cil.c, ,V,0:02
product-lines,email_spec4_product18_false.cil.c, ,E,0:02
product-lines,email_spec4_product19_false.cil.c, ,E,0:02
product-lines,email_spec4_product23_false.cil.c, ,E,0:03
product-lines,email_spec4_product24_false.cil.c, ,E,0:02
product-lines,email_spec4_product28_true.cil.c, ,V,0:02
product-lines,email_spec4_product29_true.cil.c, ,V,0:02
product-lines,email_spec4_product30_false.cil.c, ,E,0:03
product-lines,email_spec4_product32_false.cil.c, ,E,0:04
product-lines,email_spec6_product12_false.cil.c, ,E,0:02
product-lines,email_spec6_product14_false.cil.c, ,E,0:02
product-lines,email_spec6_product15_false.cil.c, ,E,0:02
product-lines,email_spec6_product16_false.cil.c, ,E,0:02
product-lines,email_spec6_product20_false.cil.c, ,E,0:04
product-lines,email_spec6_product21_false.cil.c, ,E,0:04
product-lines,email_spec6_product22_false.cil.c, ,E,0:02
product-lines,email_spec6_product26_false.cil.c, ,E,0:05
product-lines,email_spec6_product28_false.cil.c, ,E,0:02
product-lines,email_spec6_product29_false.cil.c, ,E,0:03
product-lines,email_spec6_product30_false.cil.c, ,E,0:03
product-lines,email_spec6_product31_false.cil.c, ,E,0:03
product-lines,email_spec6_product32_false.cil.c, ,E,0:05
product-lines,email_spec6_product33_false.cil.c, ,E,0:03
product-lines,email_spec6_product34_false.cil.c, ,E,0:05
product-lines,email_spec6_product35_false.cil.c, ,E,0:06
product-lines,email_spec6_productSimulator_false.cil.c, ,E,2:33
product-lines,email_spec7_product13_true.cil.c, ,V,0:02
product-lines,email_spec7_product17_true.cil.c, ,V,0:02
product-lines,email_spec7_product18_true.cil.c, ,V,0:02
product-lines,email_spec7_product19_true.cil.c, ,V,0:02
product-lines,email_spec7_product23_true.cil.c, ,V,0:03
product-lines,email_spec7_product24_true.cil.c, ,V,0:02
product-lines,email_spec7_product25_true.cil.c, ,V,0:03
product-lines,email_spec7_product27_true.cil.c, ,V,0:04
product-lines,email_spec7_product28_false.cil.c, ,E,0:02
product-lines,email_spec7_product29_false.cil.c, ,E,0:03
product-lines,email_spec7_product30_false.cil.c, ,E,0:02
product-lines,email_spec7_product31_false.cil.c, ,E,0:03
product-lines,email_spec7_product32_false.cil.c, ,E,0:04
product-lines,email_spec7_product33_false.cil.c, ,E,0:03
product-lines,email_spec7_product34_false.cil.c, ,E,0:05
product-lines,email_spec7_product35_false.cil.c, ,E,0:05
product-lines,email_spec8_product12_true.cil.c, ,V,0:02
product-lines,email_spec8_product14_true.cil.c, ,V,0:02
product-lines,email_spec8_product15_false.cil.c, ,E,0:02
product-lines,email_spec8_product16_false.cil.c, ,E,0:02
product-lines,email_spec8_product20_false.cil.c, ,E,0:03
product-lines,email_spec8_product21_false.cil.c, ,E,0:04
product-lines,email_spec8_product22_false.cil.c, ,E,0:02
product-lines,email_spec8_product26_false.cil.c, ,E,0:04
product-lines,email_spec8_product28_true.cil.c, ,V,0:02
product-lines,email_spec8_product29_true.cil.c, ,V,0:03
product-lines,email_spec8_product30_false.cil.c, ,E,0:02
product-lines,email_spec8_product31_false.cil.c, ,E,0:03
product-lines,email_spec8_product32_false.cil.c, ,E,0:04
product-lines,email_spec8_product33_false.cil.c, ,E,0:03
product-lines,email_spec8_product34_false.cil.c, ,E,0:05
product-lines,email_spec8_product35_false.cil.c, ,E,0:06
product-lines,email_spec8_productSimulator_false.cil.c, ,E,2:26
product-lines,email_spec9_product12_true.cil.c, ,V,0:02
product-lines,email_spec9_product14_true.cil.c, ,V,0:02
product-lines,email_spec9_product15_false.cil.c, ,E,0:02
product-lines,email_spec9_product16_false.cil.c, ,E,0:02
product-lines,email_spec9_product20_false.cil.c, ,E,0:04
product-lines,email_spec9_product21_false.cil.c, ,E,0:04
product-lines,email_spec9_product22_false.cil.c, ,E,0:02
product-lines,email_spec9_product26_false.cil.c, ,E,0:04
product-lines,email_spec9_product28_true.cil.c, ,V,0:02
product-lines,email_spec9_product29_true.cil.c, ,V,0:03
product-lines,email_spec9_product30_false.cil.c, ,E,0:02
product-lines,email_spec9_product31_false.cil.c, ,E,0:03
product-lines,email_spec9_product32_false.cil.c, ,E,0:05
product-lines,email_spec9_product33_false.cil.c, ,E,0:03
product-lines,email_spec9_product34_false.cil.c, ,E,0:05
product-lines,email_spec9_product35_false.cil.c, ,E,0:06
pthread,scull_true.c, ,V,0:06
recursion,id2_i5_o5_false.c, ,E,0:00
recursion,id2_i5_o5_true.c, ,V,0:00
recursion,id_i10_o10_false.c, ,E,0:00
recursion,id_i10_o10_true.c, ,V,0:00
recursion,id_i15_o15_false.c, ,E,0:00
recursion,id_i15_o15_true.c, ,V,0:00
recursion,id_i20_o20_false.c, ,E,0:00
recursion,id_i20_o20_true.c, ,V,0:00
recursion,id_i25_o25_false.c, ,E,0:00
recursion,id_i25_o25_true.c, ,V,0:00
recursion,id_i5_o5_false.c, ,E,0:00
recursion,id_i5_o5_true.c, ,V,0:00
recursion,sum_10x0_false.c, ,E,0:00
recursion,sum_10x0_true.c, ,V,0:00
recursion,sum_15x0_false.c, ,E,0:00
recursion,sum_15x0_true.c, ,V,0:00
recursion,sum_20x0_false.c, ,E,0:00
recursion,sum_20x0_true.c, ,V,0:00
recursion,sum_25x0_false.c, ,E,0:00
recursion,sum_25x0_true.c, ,V,0:00
recursion,sum_2x3_false.c, ,E,0:01
recursion,sum_2x3_true.c, ,V,0:00
