category,model,variant,result,states,search
array,array_monotonic_true.pkg.c,v.10.c,V,1895,0:05
array,array_of_struct_break_true.pkg.c,v.100.c,V,2212,0:12
array,array_of_struct_break_true.pkg.c,v.10.c,V,232,0:00
array,array_ptr_single_elem_init_false.pkg.c,v.10.c,E,14.6 k,0:19
array,array_single_elem_init_false.pkg.c,v.10.c,E,14.6 k,0:19
array,copysome1_true.pkg.c,v.100.c,V,3099,0:12
array,copysome1_true.pkg.c,v.10.c,V,309,0:00
array,copysome2_true.pkg.c,v.10.c,V,418,0:00
array,copysome2_true.pkg.c,v.100.c,V,4108,0:17
array,standard_copy1_true.pkg.c,v.100.c,V,2509,0:11
array,standard_copy1_true.pkg.c,v.10.c,V,259,0:00
array,standard_copy2_false.pkg.c,v.10.c,E,259,0:00
array,standard_copy2_true.pkg.c,v.10.c,V,341,0:00
array,standard_copy2_true.pkg.c,v.100.c,V,3311,0:15
array,standard_copy3_true.pkg.c,v.10.c,V,423,0:00
array,standard_copy3_true.pkg.c,v.100.c,V,4113,0:19
array,standard_copy4_false.pkg.c,v.10.c,E,423,0:00
array,standard_copy4_true.pkg.c,v.10.c,V,505,0:00
array,standard_copy4_true.pkg.c,v.100.c,V,4915,0:24
array,standard_copy5_false.pkg.c,v.10.c,E,505,0:00
array,standard_copy5_true.pkg.c,v.10.c,V,587,0:00
array,standard_copy5_true.pkg.c,v.100.c,V,5717,0:29
array,standard_copy6_false.pkg.c,v.10.c,E,587,0:00
array,standard_copy6_true.pkg.c,v.10.c,V,669,0:00
array,standard_copy6_true.pkg.c,v.100.c,V,6519,0:34
array,standard_copy7_false.pkg.c,v.10.c,E,669,0:00
array,standard_copy7_true.pkg.c,v.10.c,V,751,0:00
array,standard_copy7_true.pkg.c,v.100.c,V,7321,0:40
array,standard_copy8_false.pkg.c,v.10.c,E,751,0:00
array,standard_copy8_true.pkg.c,v.100.c,V,8123,0:45
array,standard_copy8_true.pkg.c,v.10.c,V,833,0:00
array,standard_copy9_false.pkg.c,v.10.c,E,833,0:00
array,standard_copy9_true.pkg.c,v.100.c,V,8925,0:53
array,standard_copy9_true.pkg.c,v.10.c,V,915,0:00
array,standard_copyInitSum_true.pkg.c,v.100.c,V,3312,0:10
array,standard_copyInitSum_true.pkg.c,v.10.c,V,342,0:00
array,standard_sentinel_false-def-behavior.pkg.c,v.10.c,E,99,0:00
array,standard_sentinel_false-def-behavior.pkg.c,v.1000.c,E,6039,0:16
array,standard_sentinel_false-def-behavior.pkg.c,v.100.c,E,639,0:00
array,standard_strcpy_original_true.pkg.c,v.10.c,V,924,0:04
array,standard_strcpy_true.pkg.c,v.10.c,V,860,0:02
array,standard_strcpy_true.pkg.c,v.100.c,V,62.5 k,9:07
array,standard_two_index_01_true.pkg.c,v.100.c,V,2911,0:11
array,standard_two_index_01_true.pkg.c,v.10.c,V,301,0:00
array,standard_two_index_02_true.pkg.c,v.100.c,V,1761,0:05
array,standard_two_index_02_true.pkg.c,v.10.c,V,186,0:00
array,standard_two_index_02_true.pkg.c,v.1000.c,V,17.5 k,7:52
array,standard_two_index_03_true.pkg.c,v.1000.c,V,13.7 k,4:52
array,standard_two_index_03_true.pkg.c,v.100.c,V,1370,0:03
array,standard_two_index_03_true.pkg.c,v.10.c,V,140,0:00
array,standard_two_index_04_true.pkg.c,v.100.c,V,1186,0:02
array,standard_two_index_04_true.pkg.c,v.10.c,V,140,0:00
array,standard_two_index_04_true.pkg.c,v.1000.c,V,11.8 k,3:32
array,standard_two_index_05_true.pkg.c,v.10.c,V,117,0:00
array,standard_two_index_05_true.pkg.c,v.1000.c,V,10.6 k,2:48
array,standard_two_index_05_true.pkg.c,v.100.c,V,1071,0:02
array,standard_two_index_06_true.pkg.c,v.10.c,V,117,0:00
array,standard_two_index_06_true.pkg.c,v.1000.c,V,9852,2:19
array,standard_two_index_06_true.pkg.c,v.100.c,V,1002,0:01
array,standard_two_index_07_true.pkg.c,v.1000.c,V,9300,2:03
array,standard_two_index_07_true.pkg.c,v.100.c,V,956,0:01
array,standard_two_index_07_true.pkg.c,v.10.c,V,117,0:00
array,standard_two_index_08_true.pkg.c,v.100.c,V,910,0:01
array,standard_two_index_08_true.pkg.c,v.1000.c,V,8886,1:45
array,standard_two_index_08_true.pkg.c,v.10.c,V,117,0:00
array,standard_two_index_09_true.pkg.c,v.100.c,V,864,0:01
array,standard_two_index_09_true.pkg.c,v.1000.c,V,8564,1:34
array,standard_two_index_09_true.pkg.c,v.10.c,V,94,0:00
bitvector,byte_add_1_true.c, ,V,2466,0:48
bitvector,byte_add_2_true.c, ,V,2532,0:49
bitvector,byte_add_false.c, ,E,5587,0:12
bitvector,diamond_false.c, ,E,77,0:00
bitvector,gcd_1_true.c, ,V,49,0:07
bitvector,interleave_bits_true.c, ,V,429,0:00
bitvector,num_conversion_2_true.c, ,V,5622,0:14
bitvector,recHanoi03_false.c, ,E,3590,0:11
bitvector,verisec_sendmail_false.c, ,E,295,0:04
loops,apache-escape-absolute_true.pkg.c,small.5.c,V,513,0:14
loops,array_true_4.pkg.c,small.100.c,V,1298,0:12
loops,cggmp2005_variant_true.pkg.c,small.10.c,V,174,0:01
loops,cggmp2005_variant_true.pkg.c,small.100.c,V,1614,0:40
loops,count_by_k_true.pkg.c,small.10.c,V,89,0:07
loops,count_by_nondet_true.pkg.c,small.10.c,V,200,0:02
loops,count_up_down_false.c, ,E,12,0:00
loops,diamond_false_1.c, ,E,509,0:02
loops,diamond_true_1.c, ,V,756,0:03
loops,diamond_true_2.c, ,V,203,0:01
loops,down_true.pkg.c,small.10.c,V,697,0:02
loops,for_bounded_loop1_false.c, ,E,28,0:00
loops,fragtest_simple_true.pkg.c,small.10.c,V,29.5 k,0:16
loops,gauss_sum_true.pkg.c,small.10.c,V,185,0:01
loops,gauss_sum_true.pkg.c,small.100.c,V,1715,0:26
loops,gcnr2008_false.c, ,E,17,0:00
loops,gj2007b_true.pkg.c,small.5.c,V,385,0:01
loops,gj2007b_true.pkg.c,small.10.c,V,1190,0:06
loops,gsv2008_true.pkg.c,small.5.c,V,180,0:55
loops,gsv2008_true.pkg.c,small.10.c,V,292,3:10
loops,half_2_true.pkg.c,small.10.c,V,263,0:03
loops,half_2_true.pkg.c,small.100.c,V,14.8 k,7:20
loops,half_true.pkg.c,small.100.c,V,2431,0:21
loops,half_true.pkg.c,small.10.c,V,271,0:01
loops,hhk2008_true.pkg.c,small.10.c,V,180,0:30
loops,id_build_true.pkg.c,small.10.c,V,1316,0:10
loops,id_build_true.pkg.c,small.100.c,V,13.0 k,9:22
loops,id_trans_false.c, ,E,41,0:00
loops,jm2006_true.pkg.c,small.10.c,V,199,0:20
loops,large_const_true.c, ,V,109,0:00
loops,MADWiFi-encode_ie_ok_true.pkg.c,small.100.c,V,979,0:45
loops,MADWiFi-encode_ie_ok_true.pkg.c,small.10.c,V,124,0:01
loops,multivar_false_1.c, ,E,11,0:00
loops,multivar_true_1.c, ,V,2,0:00
loops,nested6_true.pkg.c,small.10.c,V,28.9 k,5:51
loops,nested6_true.pkg.c,small.5.c,V,1751,0:11
loops,nested9_true.pkg.c,small.10.c,V,1079,0:05
loops,nested9_true.pkg.c,small.5.c,V,87,0:00
loops,nested_true.pkg.c,small.10.c,V,1771,0:08
loops,NetBSD_loop_true.pkg.c,small.10.c,V,167,0:01
loops,NetBSD_loop_true.pkg.c,small.100.c,V,1517,0:29
loops,phases_false_2.c, ,E,15,0:00
loops,phases_true_2.c, ,V,28,0:00
loops,seq_true.pkg.c,small.5.c,V,1596,0:05
loops,seq_true.pkg.c,small.10.c,V,12.3 k,0:45
loops,simple_array_index_value_false_1.c, ,E,22,0:00
loops,simple_array_index_value_true_2.pkg.c,small.100.c,V,2008,0:52
loops,simple_array_index_value_true_2.pkg.c,small.10.c,V,208,0:00
loops,simple_array_index_value_true_4.pkg.c,small.10.c,V,200,0:19
loops,simple_true_2.c, ,V,2,0:00
loops,string_concat-noarr_true.pkg.c,small.10.c,V,806,0:02
loops,string_concat-noarr_true.pkg.c,small.100.c,V,57.3 k,5:12
loops,sum01_bug02_base.case_false.c, ,E,65,0:00
loops,sum01_bug02_false.c, ,E,103,0:00
loops,sum01_false.c, ,E,128,0:00
loops,sum03_false.c, ,E,94,0:00
loops,terminator_01_false.c, ,E,7,0:00
loops,terminator_02_false.c, ,E,8,0:00
loops,terminator_02_true.c, ,V,14,0:00
loops,terminator_03_false.c, ,E,18,0:00
loops,trex01_false.c, ,E,17,0:00
loops,trex02_false.c, ,E,8,0:00
loops,trex03_false.c, ,E,18,0:00
loops,trex04_true.c, ,V,325,0:12
loops,underapprox_false_1.c, ,E,43,0:00
loops,underapprox_false_2.c, ,E,43,0:00
loops,underapprox_true_1.c, ,V,44,0:00
loops,underapprox_true_2.c, ,V,44,0:00
product-lines,elevator_spec13_product21_true.cil.c, ,V,1203,0:01
product-lines,elevator_spec13_product22_true.cil.c, ,V,1246,0:01
product-lines,elevator_spec13_product23_true.cil.c, ,V,1469,0:02
product-lines,elevator_spec13_product24_true.cil.c, ,V,1517,0:02
product-lines,elevator_spec13_product29_true.cil.c, ,V,1201,0:01
product-lines,elevator_spec13_product30_true.cil.c, ,V,1251,0:01
product-lines,elevator_spec13_product31_true.cil.c, ,V,1463,0:02
product-lines,elevator_spec13_product32_true.cil.c, ,V,1517,0:02
product-lines,elevator_spec13_productSimulator_true.cil.c, ,V,5959,2:34
product-lines,elevator_spec14_product03_true.cil.c, ,V,2897,0:03
product-lines,elevator_spec14_product11_true.cil.c, ,V,2930,0:03
product-lines,elevator_spec14_product19_true.cil.c, ,V,2969,0:04
product-lines,elevator_spec14_product20_false.cil.c, ,E,628,0:00
product-lines,elevator_spec14_product23_true.cil.c, ,V,3978,0:05
product-lines,elevator_spec14_product24_false.cil.c, ,E,683,0:01
product-lines,elevator_spec14_product27_true.cil.c, ,V,3002,0:04
product-lines,elevator_spec14_product28_false.cil.c, ,E,628,0:00
product-lines,elevator_spec14_product31_true.cil.c, ,V,3979,0:04
product-lines,elevator_spec14_product32_false.cil.c, ,E,683,0:01
product-lines,elevator_spec14_productSimulator_false.cil.c, ,E,3067,2:03
product-lines,elevator_spec1_product01_true.cil.c, ,V,2223,0:03
product-lines,elevator_spec1_product03_true.cil.c, ,V,2619,0:03
product-lines,elevator_spec1_product09_true.cil.c, ,V,2259,0:03
product-lines,elevator_spec1_product11_true.cil.c, ,V,2655,0:03
product-lines,elevator_spec1_product17_true.cil.c, ,V,2301,0:03
product-lines,elevator_spec1_product18_false.cil.c, ,E,655,0:01
product-lines,elevator_spec1_product19_true.cil.c, ,V,2697,0:03
product-lines,elevator_spec1_product20_false.cil.c, ,E,733,0:01
product-lines,elevator_spec1_product21_true.cil.c, ,V,2566,0:03
product-lines,elevator_spec1_product22_false.cil.c, ,E,710,0:01
product-lines,elevator_spec1_product23_true.cil.c, ,V,2956,0:04
product-lines,elevator_spec1_product24_false.cil.c, ,E,788,0:01
product-lines,elevator_spec1_product25_true.cil.c, ,V,2337,0:03
product-lines,elevator_spec1_product26_false.cil.c, ,E,655,0:01
product-lines,elevator_spec1_product27_true.cil.c, ,V,2734,0:03
product-lines,elevator_spec1_product28_false.cil.c, ,E,734,0:01
product-lines,elevator_spec1_product29_true.cil.c, ,V,2604,0:03
product-lines,elevator_spec1_product30_false.cil.c, ,E,710,0:01
product-lines,elevator_spec1_product31_true.cil.c, ,V,3002,0:04
product-lines,elevator_spec1_product32_false.cil.c, ,E,788,0:01
product-lines,elevator_spec2_product01_true.cil.c, ,V,1301,0:01
product-lines,elevator_spec2_product03_true.cil.c, ,V,1511,0:02
product-lines,elevator_spec2_product09_true.cil.c, ,V,1328,0:01
product-lines,elevator_spec2_product11_true.cil.c, ,V,1533,0:02
product-lines,elevator_spec2_product17_true.cil.c, ,V,1343,0:01
product-lines,elevator_spec2_product18_false.cil.c, ,E,622,0:00
product-lines,elevator_spec2_product19_true.cil.c, ,V,1556,0:02
product-lines,elevator_spec2_product20_false.cil.c, ,E,700,0:01
product-lines,elevator_spec2_product21_true.cil.c, ,V,1409,0:02
product-lines,elevator_spec2_product22_false.cil.c, ,E,680,0:01
product-lines,elevator_spec2_product23_true.cil.c, ,V,1619,0:02
product-lines,elevator_spec2_product24_false.cil.c, ,E,755,0:01
product-lines,elevator_spec2_product25_true.cil.c, ,V,1366,0:01
product-lines,elevator_spec2_product26_false.cil.c, ,E,622,0:00
product-lines,elevator_spec2_product27_true.cil.c, ,V,1575,0:02
product-lines,elevator_spec2_product28_false.cil.c, ,E,702,0:01
product-lines,elevator_spec2_product29_true.cil.c, ,V,1431,0:02
product-lines,elevator_spec2_product30_false.cil.c, ,E,680,0:01
product-lines,elevator_spec2_product31_true.cil.c, ,V,1644,0:02
product-lines,elevator_spec2_product32_false.cil.c, ,E,755,0:01
product-lines,elevator_spec3_product01_true.cil.c, ,V,3289,0:04
product-lines,elevator_spec3_product03_false.cil.c, ,E,1011,0:01
product-lines,elevator_spec3_product09_true.cil.c, ,V,3311,0:04
product-lines,elevator_spec3_product11_false.cil.c, ,E,1016,0:01
product-lines,elevator_spec3_product17_true.cil.c, ,V,3332,0:04
product-lines,elevator_spec3_product18_true.cil.c, ,V,3473,0:04
product-lines,elevator_spec3_product19_false.cil.c, ,E,1027,0:01
product-lines,elevator_spec3_product20_false.cil.c, ,E,1063,0:01
product-lines,elevator_spec3_product21_true.cil.c, ,V,3917,0:05
product-lines,elevator_spec3_product22_true.cil.c, ,V,4055,0:05
product-lines,elevator_spec3_product23_false.cil.c, ,E,1116,0:01
product-lines,elevator_spec3_product24_false.cil.c, ,E,1152,0:01
product-lines,elevator_spec3_product25_true.cil.c, ,V,3356,0:04
product-lines,elevator_spec3_product26_true.cil.c, ,V,3495,0:04
product-lines,elevator_spec3_product27_false.cil.c, ,E,1027,0:01
product-lines,elevator_spec3_product28_false.cil.c, ,E,1067,0:01
product-lines,elevator_spec3_product29_true.cil.c, ,V,3938,0:05
product-lines,elevator_spec3_product30_true.cil.c, ,V,4077,0:05
product-lines,elevator_spec3_product31_false.cil.c, ,E,1116,0:01
product-lines,elevator_spec3_product32_false.cil.c, ,E,1152,0:01
product-lines,elevator_spec9_product09_true.cil.c, ,V,1378,0:01
product-lines,elevator_spec9_product11_true.cil.c, ,V,1583,0:02
product-lines,elevator_spec9_product25_true.cil.c, ,V,1415,0:02
product-lines,elevator_spec9_product26_false.cil.c, ,E,673,0:01
product-lines,elevator_spec9_product27_true.cil.c, ,V,1625,0:02
product-lines,elevator_spec9_product28_false.cil.c, ,E,751,0:01
product-lines,elevator_spec9_product29_true.cil.c, ,V,1481,0:02
product-lines,elevator_spec9_product30_false.cil.c, ,E,728,0:01
product-lines,elevator_spec9_product31_true.cil.c, ,V,1694,0:02
product-lines,elevator_spec9_product32_false.cil.c, ,E,806,0:01
product-lines,minepump_spec1_product01_true.cil.c, ,V,1642,0:25
product-lines,minepump_spec1_product02_true.cil.c, ,V,1714,0:25
product-lines,minepump_spec1_product03_true.cil.c, ,V,2311,0:35
product-lines,minepump_spec1_product04_true.cil.c, ,V,2125,0:32
product-lines,minepump_spec1_product05_true.cil.c, ,V,1762,0:25
product-lines,minepump_spec1_product06_true.cil.c, ,V,1834,0:25
product-lines,minepump_spec1_product07_true.cil.c, ,V,2354,0:35
product-lines,minepump_spec1_product08_true.cil.c, ,V,2221,0:33
product-lines,minepump_spec1_product09_true.cil.c, ,V,1642,0:25
product-lines,minepump_spec1_product10_true.cil.c, ,V,1714,0:25
product-lines,minepump_spec1_product11_true.cil.c, ,V,2282,0:35
product-lines,minepump_spec1_product12_true.cil.c, ,V,2125,0:32
product-lines,minepump_spec1_product13_true.cil.c, ,V,1762,0:25
product-lines,minepump_spec1_product14_true.cil.c, ,V,1834,0:25
product-lines,minepump_spec1_product15_true.cil.c, ,V,2354,0:35
product-lines,minepump_spec1_product16_true.cil.c, ,V,2196,0:33
product-lines,minepump_spec1_product17_true.cil.c, ,V,1762,0:25
product-lines,minepump_spec1_product18_true.cil.c, ,V,1834,0:25
product-lines,minepump_spec1_product19_true.cil.c, ,V,2354,0:35
product-lines,minepump_spec1_product20_true.cil.c, ,V,2196,0:32
product-lines,minepump_spec1_product21_true.cil.c, ,V,1882,0:25
product-lines,minepump_spec1_product22_true.cil.c, ,V,1954,0:25
product-lines,minepump_spec1_product23_true.cil.c, ,V,2426,0:35
product-lines,minepump_spec1_product24_true.cil.c, ,V,2292,0:33
product-lines,minepump_spec1_product25_true.cil.c, ,V,1762,0:25
product-lines,minepump_spec1_product26_true.cil.c, ,V,1834,0:25
product-lines,minepump_spec1_product27_true.cil.c, ,V,2354,0:35
product-lines,minepump_spec1_product28_true.cil.c, ,V,2196,0:32
product-lines,minepump_spec1_product29_true.cil.c, ,V,1903,0:25
product-lines,minepump_spec1_product30_true.cil.c, ,V,1954,0:25
product-lines,minepump_spec1_product31_true.cil.c, ,V,2426,0:35
product-lines,minepump_spec1_product32_true.cil.c, ,V,2292,0:33
product-lines,minepump_spec1_product33_false.cil.c, ,E,533,0:02
product-lines,minepump_spec1_product34_false.cil.c, ,E,565,0:02
product-lines,minepump_spec1_product35_false.cil.c, ,E,754,0:04
product-lines,minepump_spec1_product36_false.cil.c, ,E,840,0:04
product-lines,minepump_spec1_product37_false.cil.c, ,E,545,0:02
product-lines,minepump_spec1_product38_false.cil.c, ,E,589,0:02
product-lines,minepump_spec1_product39_false.cil.c, ,E,837,0:04
product-lines,minepump_spec1_product40_false.cil.c, ,E,947,0:04
product-lines,minepump_spec1_product41_false.cil.c, ,E,2193,0:12
product-lines,minepump_spec1_product42_false.cil.c, ,E,2365,0:13
product-lines,minepump_spec1_product43_false.cil.c, ,E,2625,0:26
product-lines,minepump_spec1_product44_false.cil.c, ,E,2870,0:24
product-lines,minepump_spec1_product45_true.cil.c, ,V,6180,0:58
product-lines,minepump_spec1_product46_true.cil.c, ,V,6399,0:57
product-lines,minepump_spec1_product47_true.cil.c, ,V,5910,1:09
product-lines,minepump_spec1_product48_true.cil.c, ,V,6542,1:07
product-lines,minepump_spec1_product49_false.cil.c, ,E,545,0:02
product-lines,minepump_spec1_product50_false.cil.c, ,E,589,0:02
product-lines,minepump_spec1_product51_false.cil.c, ,E,860,0:05
product-lines,minepump_spec1_product52_false.cil.c, ,E,924,0:04
product-lines,minepump_spec1_product53_false.cil.c, ,E,569,0:02
product-lines,minepump_spec1_product54_false.cil.c, ,E,613,0:02
product-lines,minepump_spec1_product55_false.cil.c, ,E,923,0:05
product-lines,minepump_spec1_product56_false.cil.c, ,E,1029,0:05
product-lines,minepump_spec1_product57_true.cil.c, ,V,3503,0:29
product-lines,minepump_spec1_product58_true.cil.c, ,V,3587,0:29
product-lines,minepump_spec1_product59_true.cil.c, ,V,3417,0:37
product-lines,minepump_spec1_product60_true.cil.c, ,V,3812,0:36
product-lines,minepump_spec1_product61_true.cil.c, ,V,3673,0:30
product-lines,minepump_spec1_product62_true.cil.c, ,V,3778,0:29
product-lines,minepump_spec1_product63_true.cil.c, ,V,3544,0:37
product-lines,minepump_spec1_product64_true.cil.c, ,V,3956,0:36
product-lines,minepump_spec2_product01_true.cil.c, ,V,1725,0:25
product-lines,minepump_spec2_product02_true.cil.c, ,V,1776,0:25
product-lines,minepump_spec2_product03_true.cil.c, ,V,2397,0:35
product-lines,minepump_spec2_product04_true.cil.c, ,V,2174,0:33
product-lines,minepump_spec2_product05_true.cil.c, ,V,1824,0:26
product-lines,minepump_spec2_product06_true.cil.c, ,V,1896,0:25
product-lines,minepump_spec2_product07_true.cil.c, ,V,2440,0:36
product-lines,minepump_spec2_product08_true.cil.c, ,V,2270,0:33
product-lines,minepump_spec2_product09_true.cil.c, ,V,1725,0:25
product-lines,minepump_spec2_product10_true.cil.c, ,V,1776,0:26
product-lines,minepump_spec2_product11_true.cil.c, ,V,2368,0:36
product-lines,minepump_spec2_product12_true.cil.c, ,V,2174,0:33
product-lines,minepump_spec2_product13_true.cil.c, ,V,1845,0:25
product-lines,minepump_spec2_product14_true.cil.c, ,V,1896,0:26
product-lines,minepump_spec2_product15_true.cil.c, ,V,2469,0:36
product-lines,minepump_spec2_product16_true.cil.c, ,V,2270,0:33
product-lines,minepump_spec2_product17_true.cil.c, ,V,1824,0:25
product-lines,minepump_spec2_product18_true.cil.c, ,V,1917,0:25
product-lines,minepump_spec2_product19_true.cil.c, ,V,2440,0:35
product-lines,minepump_spec2_product20_true.cil.c, ,V,2270,0:33
product-lines,minepump_spec2_product21_true.cil.c, ,V,1944,0:25
product-lines,minepump_spec2_product22_true.cil.c, ,V,2016,0:26
product-lines,minepump_spec2_product23_true.cil.c, ,V,2512,0:36
product-lines,minepump_spec2_product24_true.cil.c, ,V,2391,0:33
product-lines,minepump_spec2_product25_true.cil.c, ,V,1824,0:25
product-lines,minepump_spec2_product26_true.cil.c, ,V,1896,0:25
product-lines,minepump_spec2_product27_true.cil.c, ,V,2440,0:36
product-lines,minepump_spec2_product28_true.cil.c, ,V,2270,0:33
product-lines,minepump_spec2_product29_true.cil.c, ,V,1965,0:25
product-lines,minepump_spec2_product30_true.cil.c, ,V,2016,0:25
product-lines,minepump_spec2_product31_true.cil.c, ,V,2541,0:36
product-lines,minepump_spec2_product32_true.cil.c, ,V,2391,0:33
product-lines,minepump_spec2_product33_false.cil.c, ,E,2536,0:16
product-lines,minepump_spec2_product34_false.cil.c, ,E,2750,0:17
product-lines,minepump_spec2_product35_false.cil.c, ,E,2958,0:28
product-lines,minepump_spec2_product36_false.cil.c, ,E,3202,0:27
product-lines,minepump_spec2_product37_true.cil.c, ,V,6484,1:01
product-lines,minepump_spec2_product38_true.cil.c, ,V,6608,1:02
product-lines,minepump_spec2_product39_true.cil.c, ,V,6220,1:11
product-lines,minepump_spec2_product40_true.cil.c, ,V,6996,1:12
product-lines,minepump_spec2_product41_false.cil.c, ,E,4190,0:39
product-lines,minepump_spec2_product42_false.cil.c, ,E,4394,0:40
product-lines,minepump_spec2_product43_false.cil.c, ,E,3972,0:43
product-lines,minepump_spec2_product44_false.cil.c, ,E,4412,0:44
product-lines,minepump_spec2_product45_true.cil.c, ,V,6312,0:58
product-lines,minepump_spec2_product46_true.cil.c, ,V,6480,0:58
product-lines,minepump_spec2_product47_true.cil.c, ,V,6070,1:10
product-lines,minepump_spec2_product48_true.cil.c, ,V,6692,1:08
product-lines,minepump_spec2_product49_true.cil.c, ,V,3736,0:33
product-lines,minepump_spec2_product50_true.cil.c, ,V,3832,0:32
product-lines,minepump_spec2_product51_true.cil.c, ,V,3697,0:40
product-lines,minepump_spec2_product52_true.cil.c, ,V,4263,0:40
product-lines,minepump_spec2_product53_true.cil.c, ,V,3977,0:33
product-lines,minepump_spec2_product54_true.cil.c, ,V,4052,0:33
product-lines,minepump_spec2_product55_true.cil.c, ,V,3800,0:40
product-lines,minepump_spec2_product56_true.cil.c, ,V,4430,0:41
product-lines,minepump_spec2_product57_true.cil.c, ,V,3575,0:29
product-lines,minepump_spec2_product58_true.cil.c, ,V,3659,0:30
product-lines,minepump_spec2_product59_true.cil.c, ,V,3534,0:38
product-lines,minepump_spec2_product60_true.cil.c, ,V,3898,0:37
product-lines,minepump_spec2_product61_true.cil.c, ,V,3745,0:30
product-lines,minepump_spec2_product62_true.cil.c, ,V,3829,0:30
product-lines,minepump_spec2_product63_true.cil.c, ,V,3611,0:38
product-lines,minepump_spec2_product64_true.cil.c, ,V,4042,0:36
product-lines,minepump_spec3_product01_false.cil.c, ,E,367,0:02
product-lines,minepump_spec3_product02_false.cil.c, ,E,390,0:02
product-lines,minepump_spec3_product03_false.cil.c, ,E,359,0:01
product-lines,minepump_spec3_product04_false.cil.c, ,E,380,0:02
product-lines,minepump_spec3_product05_false.cil.c, ,E,370,0:01
product-lines,minepump_spec3_product06_false.cil.c, ,E,414,0:02
product-lines,minepump_spec3_product07_false.cil.c, ,E,370,0:01
product-lines,minepump_spec3_product08_false.cil.c, ,E,416,0:02
product-lines,minepump_spec3_product09_false.cil.c, ,E,346,0:01
product-lines,minepump_spec3_product10_false.cil.c, ,E,390,0:02
product-lines,minepump_spec3_product11_false.cil.c, ,E,340,0:01
product-lines,minepump_spec3_product12_false.cil.c, ,E,402,0:02
product-lines,minepump_spec3_product13_false.cil.c, ,E,370,0:01
product-lines,minepump_spec3_product14_false.cil.c, ,E,414,0:02
product-lines,minepump_spec3_product15_false.cil.c, ,E,391,0:02
product-lines,minepump_spec3_product16_false.cil.c, ,E,416,0:02
product-lines,minepump_spec3_product17_false.cil.c, ,E,370,0:01
product-lines,minepump_spec3_product18_false.cil.c, ,E,414,0:02
product-lines,minepump_spec3_product19_false.cil.c, ,E,370,0:01
product-lines,minepump_spec3_product20_false.cil.c, ,E,416,0:02
product-lines,minepump_spec3_product21_false.cil.c, ,E,415,0:02
product-lines,minepump_spec3_product22_false.cil.c, ,E,438,0:02
product-lines,minepump_spec3_product23_false.cil.c, ,E,406,0:02
product-lines,minepump_spec3_product24_false.cil.c, ,E,447,0:02
product-lines,minepump_spec3_product25_false.cil.c, ,E,370,0:01
product-lines,minepump_spec3_product26_false.cil.c, ,E,414,0:02
product-lines,minepump_spec3_product27_false.cil.c, ,E,391,0:02
product-lines,minepump_spec3_product28_false.cil.c, ,E,416,0:02
product-lines,minepump_spec3_product29_false.cil.c, ,E,394,0:01
product-lines,minepump_spec3_product30_false.cil.c, ,E,438,0:02
product-lines,minepump_spec3_product31_false.cil.c, ,E,406,0:02
product-lines,minepump_spec3_product32_false.cil.c, ,E,447,0:02
product-lines,minepump_spec3_product33_true.cil.c, ,V,4790,0:58
product-lines,minepump_spec3_product34_true.cil.c, ,V,5019,0:59
product-lines,minepump_spec3_product35_false.cil.c, ,E,400,0:01
product-lines,minepump_spec3_product36_false.cil.c, ,E,400,0:01
product-lines,minepump_spec3_product37_true.cil.c, ,V,6406,1:01
product-lines,minepump_spec3_product38_true.cil.c, ,V,6586,1:01
product-lines,minepump_spec3_product39_false.cil.c, ,E,385,0:01
product-lines,minepump_spec3_product40_false.cil.c, ,E,385,0:01
product-lines,minepump_spec3_product41_true.cil.c, ,V,5210,0:59
product-lines,minepump_spec3_product42_true.cil.c, ,V,5378,0:59
product-lines,minepump_spec3_product43_false.cil.c, ,E,385,0:01
product-lines,minepump_spec3_product44_false.cil.c, ,E,385,0:01
product-lines,minepump_spec3_product45_true.cil.c, ,V,6335,0:58
product-lines,minepump_spec3_product46_true.cil.c, ,V,6503,0:57
product-lines,minepump_spec3_product47_false.cil.c, ,E,385,0:01
product-lines,minepump_spec3_product48_false.cil.c, ,E,385,0:01
product-lines,minepump_spec3_product49_true.cil.c, ,V,3765,0:32
product-lines,minepump_spec3_product50_true.cil.c, ,V,3840,0:32
product-lines,minepump_spec3_product51_false.cil.c, ,E,385,0:01
product-lines,minepump_spec3_product52_false.cil.c, ,E,385,0:01
product-lines,minepump_spec3_product53_true.cil.c, ,V,3964,0:33
product-lines,minepump_spec3_product54_true.cil.c, ,V,4060,0:33
product-lines,minepump_spec3_product55_false.cil.c, ,E,385,0:01
product-lines,minepump_spec3_product56_false.cil.c, ,E,385,0:01
product-lines,minepump_spec3_product57_true.cil.c, ,V,3628,0:29
product-lines,minepump_spec3_product58_true.cil.c, ,V,3712,0:29
product-lines,minepump_spec3_product59_false.cil.c, ,E,385,0:01
product-lines,minepump_spec3_product60_false.cil.c, ,E,400,0:01
product-lines,minepump_spec3_product61_true.cil.c, ,V,3819,0:29
product-lines,minepump_spec3_product62_true.cil.c, ,V,3882,0:30
product-lines,minepump_spec3_product63_false.cil.c, ,E,385,0:01
product-lines,minepump_spec3_product64_false.cil.c, ,E,385,0:01
product-lines,minepump_spec3_productSimulator_false.cil.c, ,E,3037,1:53
product-lines,minepump_spec4_product01_true.cil.c, ,V,1462,0:25
product-lines,minepump_spec4_product02_true.cil.c, ,V,1534,0:25
product-lines,minepump_spec4_product03_true.cil.c, ,V,2030,0:35
product-lines,minepump_spec4_product04_true.cil.c, ,V,1884,0:32
product-lines,minepump_spec4_product05_true.cil.c, ,V,1582,0:25
product-lines,minepump_spec4_product06_true.cil.c, ,V,1654,0:25
product-lines,minepump_spec4_product07_true.cil.c, ,V,2102,0:35
product-lines,minepump_spec4_product08_true.cil.c, ,V,1980,0:32
product-lines,minepump_spec4_product09_true.cil.c, ,V,1462,0:25
product-lines,minepump_spec4_product10_true.cil.c, ,V,1534,0:25
product-lines,minepump_spec4_product11_true.cil.c, ,V,2059,0:35
product-lines,minepump_spec4_product12_true.cil.c, ,V,1884,0:32
product-lines,minepump_spec4_product13_true.cil.c, ,V,1582,0:25
product-lines,minepump_spec4_product14_true.cil.c, ,V,1654,0:25
product-lines,minepump_spec4_product15_true.cil.c, ,V,2102,0:35
product-lines,minepump_spec4_product16_true.cil.c, ,V,1980,0:32
product-lines,minepump_spec4_product17_true.cil.c, ,V,1582,0:25
product-lines,minepump_spec4_product18_true.cil.c, ,V,1675,0:25
product-lines,minepump_spec4_product19_true.cil.c, ,V,2102,0:35
product-lines,minepump_spec4_product20_true.cil.c, ,V,1980,0:32
product-lines,minepump_spec4_product21_true.cil.c, ,V,1723,0:25
product-lines,minepump_spec4_product22_true.cil.c, ,V,1774,0:25
product-lines,minepump_spec4_product23_true.cil.c, ,V,2174,0:35
product-lines,minepump_spec4_product24_true.cil.c, ,V,2076,0:32
product-lines,minepump_spec4_product25_true.cil.c, ,V,1603,0:25
product-lines,minepump_spec4_product26_true.cil.c, ,V,1675,0:25
product-lines,minepump_spec4_product27_true.cil.c, ,V,2102,0:35
product-lines,minepump_spec4_product28_true.cil.c, ,V,1980,0:32
product-lines,minepump_spec4_product29_true.cil.c, ,V,1702,0:25
product-lines,minepump_spec4_product30_true.cil.c, ,V,1774,0:25
product-lines,minepump_spec4_product31_true.cil.c, ,V,2174,0:35
product-lines,minepump_spec4_product32_true.cil.c, ,V,2076,0:32
product-lines,minepump_spec4_product33_false.cil.c, ,E,3389,0:39
product-lines,minepump_spec4_product34_false.cil.c, ,E,3541,0:39
product-lines,minepump_spec4_product35_false.cil.c, ,E,3277,0:43
product-lines,minepump_spec4_product36_false.cil.c, ,E,3751,0:43
product-lines,minepump_spec4_product37_false.cil.c, ,E,3703,0:36
product-lines,minepump_spec4_product38_false.cil.c, ,E,3827,0:36
product-lines,minepump_spec4_product39_false.cil.c, ,E,3414,0:41
product-lines,minepump_spec4_product40_false.cil.c, ,E,4049,0:42
product-lines,minepump_spec4_product41_false.cil.c, ,E,3592,0:35
product-lines,minepump_spec4_product42_false.cil.c, ,E,3777,0:35
product-lines,minepump_spec4_product43_false.cil.c, ,E,3384,0:41
product-lines,minepump_spec4_product44_false.cil.c, ,E,3765,0:40
product-lines,minepump_spec4_product45_false.cil.c, ,E,3638,0:32
product-lines,minepump_spec4_product46_false.cil.c, ,E,3724,0:32
product-lines,minepump_spec4_product47_false.cil.c, ,E,3351,0:39
product-lines,minepump_spec4_product48_false.cil.c, ,E,3804,0:38
product-lines,minepump_spec4_product49_true.cil.c, ,V,3404,0:32
product-lines,minepump_spec4_product50_true.cil.c, ,V,3500,0:32
product-lines,minepump_spec4_product51_true.cil.c, ,V,3224,0:39
product-lines,minepump_spec4_product52_true.cil.c, ,V,3788,0:39
product-lines,minepump_spec4_product53_true.cil.c, ,V,3645,0:32
product-lines,minepump_spec4_product54_true.cil.c, ,V,3741,0:32
product-lines,minepump_spec4_product55_true.cil.c, ,V,3385,0:39
product-lines,minepump_spec4_product56_true.cil.c, ,V,4005,0:39
product-lines,minepump_spec4_product57_true.cil.c, ,V,3314,0:29
product-lines,minepump_spec4_product58_true.cil.c, ,V,3377,0:29
product-lines,minepump_spec4_product59_true.cil.c, ,V,3143,0:37
product-lines,minepump_spec4_product60_true.cil.c, ,V,3560,0:36
product-lines,minepump_spec4_product61_true.cil.c, ,V,3463,0:29
product-lines,minepump_spec4_product62_true.cil.c, ,V,3568,0:29
product-lines,minepump_spec4_product63_true.cil.c, ,V,3245,0:37
product-lines,minepump_spec4_product64_true.cil.c, ,V,3704,0:36
product-lines,minepump_spec5_product01_true.cil.c, ,V,1944,0:25
product-lines,minepump_spec5_product02_true.cil.c, ,V,2016,0:25
product-lines,minepump_spec5_product03_true.cil.c, ,V,2704,0:36
product-lines,minepump_spec5_product04_true.cil.c, ,V,2487,0:33
product-lines,minepump_spec5_product05_true.cil.c, ,V,2085,0:26
product-lines,minepump_spec5_product06_true.cil.c, ,V,2136,0:26
product-lines,minepump_spec5_product07_true.cil.c, ,V,2776,0:36
product-lines,minepump_spec5_product08_true.cil.c, ,V,2583,0:33
product-lines,minepump_spec5_product09_true.cil.c, ,V,1944,0:25
product-lines,minepump_spec5_product10_true.cil.c, ,V,2016,0:25
product-lines,minepump_spec5_product11_true.cil.c, ,V,2704,0:36
product-lines,minepump_spec5_product12_true.cil.c, ,V,2462,0:33
product-lines,minepump_spec5_product13_true.cil.c, ,V,2064,0:26
product-lines,minepump_spec5_product14_true.cil.c, ,V,2136,0:26
product-lines,minepump_spec5_product15_true.cil.c, ,V,2776,0:36
product-lines,minepump_spec5_product16_true.cil.c, ,V,2558,0:33
product-lines,minepump_spec5_product17_true.cil.c, ,V,2064,0:26
product-lines,minepump_spec5_product18_true.cil.c, ,V,2157,0:26
product-lines,minepump_spec5_product19_true.cil.c, ,V,2805,0:36
product-lines,minepump_spec5_product20_true.cil.c, ,V,2558,0:33
product-lines,minepump_spec5_product21_true.cil.c, ,V,2184,0:26
product-lines,minepump_spec5_product22_true.cil.c, ,V,2256,0:26
product-lines,minepump_spec5_product23_true.cil.c, ,V,2848,0:36
product-lines,minepump_spec5_product24_true.cil.c, ,V,2654,0:33
product-lines,minepump_spec5_product25_true.cil.c, ,V,2064,0:26
product-lines,minepump_spec5_product26_true.cil.c, ,V,2136,0:26
product-lines,minepump_spec5_product27_true.cil.c, ,V,2776,0:36
product-lines,minepump_spec5_product28_true.cil.c, ,V,2558,0:33
product-lines,minepump_spec5_product29_true.cil.c, ,V,2184,0:26
product-lines,minepump_spec5_product30_true.cil.c, ,V,2277,0:26
product-lines,minepump_spec5_product31_true.cil.c, ,V,2877,0:36
product-lines,minepump_spec5_product32_true.cil.c, ,V,2654,0:33
product-lines,minepump_spec5_product33_true.cil.c, ,V,6135,1:06
product-lines,minepump_spec5_product34_true.cil.c, ,V,6266,1:06
product-lines,minepump_spec5_product35_true.cil.c, ,V,6542,1:15
product-lines,minepump_spec5_product36_true.cil.c, ,V,8338,1:27
product-lines,minepump_spec5_product37_true.cil.c, ,V,8238,1:21
product-lines,minepump_spec5_product38_true.cil.c, ,V,8478,1:20
product-lines,minepump_spec5_product39_true.cil.c, ,V,7810,1:23
product-lines,minepump_spec5_product40_true.cil.c, ,V,8887,1:28
product-lines,minepump_spec5_product41_true.cil.c, ,V,6273,1:03
product-lines,minepump_spec5_product42_true.cil.c, ,V,6453,1:03
product-lines,minepump_spec5_product43_true.cil.c, ,V,6643,1:12
product-lines,minepump_spec5_product44_true.cil.c, ,V,8342,1:25
product-lines,minepump_spec5_product45_true.cil.c, ,V,7877,1:14
product-lines,minepump_spec5_product46_true.cil.c, ,V,8105,1:13
product-lines,minepump_spec5_product47_true.cil.c, ,V,7648,1:20
product-lines,minepump_spec5_product48_true.cil.c, ,V,8427,1:23
product-lines,minepump_spec5_product49_true.cil.c, ,V,4911,0:48
product-lines,minepump_spec5_product50_true.cil.c, ,V,5055,0:49
product-lines,minepump_spec5_product51_true.cil.c, ,V,4554,0:50
product-lines,minepump_spec5_product52_true.cil.c, ,V,5318,0:53
product-lines,minepump_spec5_product53_true.cil.c, ,V,5090,0:49
product-lines,minepump_spec5_product54_true.cil.c, ,V,5234,0:49
product-lines,minepump_spec5_product55_true.cil.c, ,V,4686,0:50
product-lines,minepump_spec5_product56_true.cil.c, ,V,5510,0:53
product-lines,minepump_spec5_product57_true.cil.c, ,V,4449,0:41
product-lines,minepump_spec5_product58_true.cil.c, ,V,4581,0:42
product-lines,minepump_spec5_product59_true.cil.c, ,V,4291,0:46
product-lines,minepump_spec5_product60_true.cil.c, ,V,4851,0:47
product-lines,minepump_spec5_product61_true.cil.c, ,V,4650,0:42
product-lines,minepump_spec5_product62_true.cil.c, ,V,4782,0:42
product-lines,minepump_spec5_product63_true.cil.c, ,V,4389,0:46
product-lines,minepump_spec5_product64_true.cil.c, ,V,4995,0:47
recursion,Ackermann02_false.c, ,E,394,0:02
recursion,Addition01_true.pkg.c,small.10.c,V,427,0:40
recursion,Addition02_false.c, ,E,77,0:00
recursion,Addition02WithOverflowBug_false.c, ,E,93,0:00
recursion,EvenOdd03_false.c, ,E,45,0:00
recursion,EvenOdd03WithOverflowBug_false.c, ,E,41,0:00
recursion,Fibonacci04_false.c, ,E,1481,0:27
recursion,gcd01_true.pkg.c,small.5.c,V,603,1:06
recursion,gcd02_true.pkg.c,small.5.c,V,1379,6:23
recursion,id2_b3_o2_false.c, ,E,129,0:00
recursion,id2_i5_o5_false.c, ,E,42,0:00
recursion,id2_i5_o5_true.c, ,V,43,0:00
recursion,id_b3_o2_false.c, ,E,129,0:00
recursion,id_i10_o10_false.c, ,E,72,0:00
recursion,id_i10_o10_true.c, ,V,73,0:00
recursion,id_i15_o15_false.c, ,E,102,0:00
recursion,id_i15_o15_true.c, ,V,103,0:00
recursion,id_i20_o20_false.c, ,E,132,0:00
recursion,id_i20_o20_true.c, ,V,133,0:00
recursion,id_i25_o25_false.c, ,E,162,0:00
recursion,id_i25_o25_true.c, ,V,163,0:00
recursion,id_i5_o5_false.c, ,E,42,0:00
recursion,id_i5_o5_true.c, ,V,43,0:00
recursion,id_o100_false.c, ,E,31.8 k,2:52
recursion,id_o10_false.c, ,E,502,0:01
recursion,id_o20_false.c, ,E,1582,0:04
recursion,id_o3_false.c, ,E,103,0:00
recursion,McCarthy91_false.c, ,E,31,0:00
recursion,MultCommutative_true.pkg.c,small.5.c,V,1118,2:02
recursion,recHanoi01_true.pkg.c,small.5.c,V,1292,0:05
recursion,recHanoi02_true.c, ,V,1747,0:03
recursion,recHanoi03_true.c, ,V,1778,0:04
recursion,sum_10x0_false.c, ,E,99,0:00
recursion,sum_10x0_true.c, ,V,100,0:00
recursion,sum_15x0_false.c, ,E,139,0:00
recursion,sum_15x0_true.c, ,V,140,0:00
recursion,sum_20x0_false.c, ,E,179,0:00
recursion,sum_20x0_true.c, ,V,180,0:00
recursion,sum_25x0_false.c, ,E,219,0:00
recursion,sum_25x0_true.c, ,V,220,0:00
recursion,sum_2x3_false.c, ,E,35,0:00
recursion,sum_2x3_true.c, ,V,36,0:00
recursion,sum_non_eq_false.c, ,E,31,0:00
systemc,bist_cell_true.cil.c, ,V,195,0:00
systemc,kundu1_false.cil.c, ,E,938,0:01
systemc,kundu2_false.cil.c, ,E,2612,0:05
systemc,kundu_true.cil.c, ,V,47.4 k,3:08
systemc,mem_slave_tlm.1_true.cil.c, ,V,1899,0:03
systemc,mem_slave_tlm.2_true.cil.c, ,V,3597,0:06
systemc,mem_slave_tlm.3_true.cil.c, ,V,5307,0:10
systemc,mem_slave_tlm.4_true.cil.c, ,V,7029,0:16
systemc,mem_slave_tlm.5_true.cil.c, ,V,8763,0:20
systemc,pc_sfifo_1_false.cil.c, ,E,31,0:00
systemc,pc_sfifo_2_false.cil.c, ,E,54,0:00
systemc,pc_sfifo_3_true.cil.c, ,V,670,0:01
systemc,token_ring.01_false.cil.c, ,E,451,0:01
systemc,token_ring.01_true.cil.c, ,V,511,0:01
systemc,token_ring.02_false.cil.c, ,E,1607,0:09
systemc,token_ring.02_true.cil.c, ,V,1754,0:11
systemc,token_ring.03_false.cil.c, ,E,5623,0:55
systemc,token_ring.03_true.cil.c, ,V,5871,1:01
systemc,token_ring.04_false.cil.c, ,E,19.5 k,4:14
systemc,token_ring.04_true.cil.c, ,V,19.8 k,4:30
systemc,transmitter.01_false.cil.c, ,E,248,0:00
systemc,transmitter.02_false.cil.c, ,E,1126,0:03
systemc,transmitter.03_false.cil.c, ,E,4401,0:14
systemc,transmitter.04_false.cil.c, ,E,16.0 k,1:01
systemc,transmitter.05_false.cil.c, ,E,55.9 k,4:09
systemc,transmitter.15_false.cil.c, ,E,221,0:00
systemc,transmitter.16_false.cil.c, ,E,235,0:00
